file,m_b
021b073a63afb09218eb55ae62f0c2af.jar,1
0265ede45645d1fbd3b66aa34785355a.jar,1
0276502778d4cdd42970b50783da5c24.jar,1
02a1adaa470f6514d23bb6d40ba0100a.jar,1
02acb6711048d7d20164ea7e3a494664.jar,1
02acee1ff9f6897cfdf9bb85afed447e.jar,1
02c091805e400668c6ff73c4fdcb98cd.jar,0
02c2827077b1a79e5a887e6a3629931c.jar,1
031758cb3371a6128bcab6d9a50b3c71.jar,1
04a22b6d6012e2b0a68ae2d542f8dfaf.jar,1
0521c911e442cd9eec927d8439731a76.jar,1
0577b8a0357fe4de5a0d2a7fa6ef8139.jar,1
06518e22cd2cb67d1eb9d6130360ade6.jar,1
0887f7cd746a7ea155b2c36b52d1249c.jar,1
08db9ab85fb3e264230fc6e606433fe0.jar,1
095ec6cf62acc526ee9c97fdf0f7e912.jar,0
0999f0e45c878b9923aeebb80bbfcbbb.jar,0
0a7573c58a38978fca245b215225c843.jar,1
0aee4494903e6ba7ce1cd9e489433545.jar,0
0b5fef3cd43d23fe0f792c6059a360fe.jar,1
0b94c207c882963be06329a7d04333a2.jar,1
0bb60cde26e022b8044149f7da138c1f.jar,1
0d0a60c25e17299bfcbe5a30e3595fa5.jar,1
0d37f82094d5dc2a2516f484d897cb1e.jar,1
0d97dfba0ef2172af20ae7983e0716f7.jar,1
0dcd48bdb0c31fa46db29f5f8eed0119.jar,1
0e2d84301ec2848f13345c1af52cc130.jar,1
0ec0183854d16c5521377b45a8e8d464.jar,1
0faedadf7d616c7c2f38fb6f3046928b.jar,0
0fd7cbf08d5b543e252664f6f1fbbfc3.jar,1
108bc6cd57a5bb1f6b1e2802dc2dd2ae.jar,1
1143728f361fa4d144aead1a16317f88.jar,1
114cc0c1ede084e3841195a15d536571.jar,1
11cc3e30a20938d2e66e70d80fa3d99c.jar,1
11e0b5840ee12b24438be4a9ab40821b.jar,1
11ea73805df029a554777c1ce9f52cb3.jar,1
124ddf4ea3c6dec6fd10060a98ad8091.jar,1
1273c92299dd70af0b5632bad652ef10.jar,0
12cf5ec79bd75dbd1f9ab23f74694cb8.jar,1
12f6cb1ee3eeaf0aeee9688d66a7069c.jar,1
13e6d33400d39e22d486c5a825d15f69.jar,1
14a94ffd9f7ce95f29cafb654bd89567.jar,1
1548be53d4c8a45c79255802728257b2.jar,1
1585457d47ab28764dcfdc4e13416e5e.jar,1
160c1c1786604e953b335409aca19e3b.jar,1
163edab420ccbbabf157b19b334443a8.jar,1
173c4bc489bb62453c0bb017ed53c6c8.jar,1
188ba991034be56498a6d4c64dd713e3.jar,1
19e739698d25404c7fc58c83350bcdc6.jar,1
1a24e280b7f117d2c8b0ac502a2c7ff4.jar,1
1c07ebf6b9595e3bd4471d17c1c7ad07.jar,1
1c245a4f7ca7c89e3e1286f6fa748db9.jar,1
1c3a523d73a9119cd80e899672465066.jar,1
1cf5f9ca62d15d9eb104429d43d109d6.jar,1
1d71eecdfd0a988a0b5e21a9ec26152d.jar,1
1e5b1adcc9301ad46f9f43adb1f0c805.jar,1
1e8d7ad3df63ec691db4f2abbfa1e825.jar,1
1ea6afea60b5c134a0180d453d3a2062.jar,1
1edad942775295dbc29c29c24c6b3c12.jar,1
1efbe40799a7b06b29517175b0f32209.jar,1
1f0a0e4fe9a299a45a9c74ade2da1302.jar,1
1f255394a5e2d8b8717f987c5e8f6333.jar,1
1feeed3806ed35c88e18af03bd92620f.jar,1
1ff186f182ad4807c08114f73f3aadd7.jar,1
1ff5d4043006f53ec59238df7a8b162c.jar,1
209749627d1eaf27127d2ce397a88736.jar,1
224511dd30bb2503f29a3d45a94b86f2.jar,1
2315de3898d9dd88fec5e46856faabf8.jar,1
232767e35f1820a52210e13848640adc.jar,1
23a1d536a32721a13bc840be3c2ab727.jar,1
24c03d37dafb7503ccf4821d90b0876f.jar,1
25455d977f579628dabc1d8f12b9c7cc.jar,1
25d7ef8da96dd15909dee826896e4764.jar,1
262ce436d9c039ea7bc9a7c28fc5a73a.jar,1
2664f8e8e1d4dd929e3f6e72fd8ebc13.jar,1
266f6c68bdab053f2d0de2961e571d53.jar,1
26d14bff5372e155a3b6ee1fee2aebca.jar,0
271dbe1b08956da5b8314d9cc68db831.jar,1
27df6e05ba746cfb087689fc4f4aca9d.jar,1
2830fbe5c71646f4b15adec21f3e33e2.jar,1
29b0c5c44ed2f7823226bed2a43d5095.jar,1
2a10f4600777daaae5d587a8aeb76cb2.jar,1
2a552fe4f45aab4543192000c3ddf392.jar,1
2bc0619f9a0c483f3fd6bce88148a7ab.jar,1
2bdf496fe60646d43a0f0df34c697c8c.jar,1
2be5b11e3f081b4b83c34b3f50013d94.jar,1
2c56ca86c8549b460bd46ada43d020df.jar,1
2d2f52d001e71c228e73d06a0cc04bbc.jar,1
2d7a9998c9c8e20da4c60c928aaa0dda.jar,1
2e1c1c27f00d20da86d004cf6c89fba0.jar,1
2e3b01fc3057ee9d89fcacabdda294e6.jar,1
307515980ad27e502169003e7e0adb9f.jar,1
3092e0784a0466deeab807691d72b488.jar,1
30b2e93a9f8d735086ea663bf1fc5f2a.jar,1
30b77462fc7e55a156003b808a9ca993.jar,1
31d0130c4f7857d98405bcfac173b2d7.jar,1
31eec9a35dd9e13af1130c9c087fbb53.jar,1
3235bc5e2e0b1f2e421684fddabb46e3.jar,1
32379670a6bf9466e961a2ad72025835.jar,1
3294a5a19a56f55130cdb6ff8cd5f046.jar,1
33d84b9c4285e87bd663a4a1836ff2c7.jar,1
33e9153433fdf03fb5479da22f710cba.jar,1
340fd66685968e0d7bc50ec0abf585d9.jar,0
3549ae4b44e16b4da912f1493e206b74.jar,0
37560703f32abfb58b87198a98964262.jar,0
3786093ef7e3f65547ddf0488eda5770.jar,1
38bba0bede9c9522a5f0cea5b63d90f3.jar,1
3909ab011df72d322ffc9d82daf37173.jar,1
390bac8280fb8cf710da081c1d8c1301.jar,1
395aec173f781e841360ea59ff1bbb21.jar,1
39eeb02ebe265b49f29fcca7989aa599.jar,0
3a0833a662975c42e4250cf30612901d.jar,1
3ab4a924884d4272928abae89d5e2a8f.jar,1
3aeb8f7d5069ad3b1761b6c0afd74fda.jar,1
3b791cbb8ec1ea4a3af266046688603b.jar,1
3bada41d566ae3d6582956ba5eb811c4.jar,0
3c351794dd5ce1d9dd235e15701eeee1.jar,1
3df798a00df27007013e78b0a8fe1327.jar,1
3e805ea02364e9e4972a0d246a18ec53.jar,1
3f932cebd5dab295c743edd7fe8bf680.jar,1
3fead9b512d05a13c66b2533bb48173f.jar,1
403f71325051032cab313e968f203e0f.jar,1
4043d63a2c1b6d2b0ef9ccd759d393dc.jar,1
40d519029896aec45f8b05976fe5ee92.jar,1
4192b03bfdf7cc9e53ff5efe0f81c976.jar,1
41b8d0808b2af74e2d3144966bbbf036.jar,1
41fb04bc628876e47fdf6c941feceac8.jar,1
427d84500677034e907e135d74f3d237.jar,1
43dde6a152a6fd6fa8103aa268c473b4.jar,1
4514d2f088680ebb91886236b9e9c8c4.jar,1
459bab235b474a305564fd1488c83f30.jar,1
45f7d53cfae7e706fdc39ff6f41e9df1.jar,1
474a3215aef0dd7a8e4b0af3c1327e43.jar,1
4836e8b647538c1ab7a44d1f97dde35a.jar,1
4885b214184d14abb3dc3b7b587cc45f.jar,1
48d558df3f7143c1bf35752775e3ef2a.jar,1
4a02c67241d68622971e18a3d6eeb1fa.jar,1
4a7303b600996597b4f6c7bc19c3544f.jar,1
4ab878b36a03ec2f1e18f5a6df831d29.jar,1
4b4d4d7b35ad92177a481eb61fcda6ac.jar,0
4b547380abdafabdf77867d8cfbee8c4.jar,1
4b7ccb72c8f1f3aa43cf8589c012c515.jar,0
4c04e3ddcca051ace7663b7a0f5bab63.jar,1
4d0804ec8cfebecee7046ce5bbd1ac23.jar,1
4d348e0eff115ac3bdda4e7d6b3e5a28.jar,0
4e2b1e4b0d228219e8ba5456f604dd9c.jar,1
4f3b6c1a012f7809aa371baaddea6325.jar,0
4f750f8f9a31620102145e5bd3c2fd46.jar,1
503d26a03d7bfef04ef054152938181d.jar,1
517fb792ec3015ee696406f348c6d9ef.jar,1
5192af270e5897e9b778aad186315625.jar,1
5193f53b6876554c03abd01ec5902783.jar,1
51feaa19b3cec0d9c74a439aab716dce.jar,1
5232d964d96bf2b1d6a023aac14c15a7.jar,1
524e38d7d93e4ac792e6c3b4b30871f9.jar,1
53563a2bccd42c3c2507bceb56c21503.jar,1
5405e776cb4300a4387f385ed5d117ee.jar,1
5483ba5718ad297024284ba9bc41f836.jar,1
55d8f9b3ec965c2b4d9de883073f5ca3.jar,1
569e8bb1fb3b5d41da36826da8babbf4.jar,0
577c8aedc185c4912d106631ed2c2d05.jar,1
57990b47687c67618569e2121f6bc74a.jar,1
58190005e4c12db2ab9551ea77e702e2.jar,1
586ce6e6fdb607b56416e40f0ad234f3.jar,1
587516e7a3a436e9d67198e61d2fbd80.jar,0
58a60d0f81802871a7e7c6bd5c7f9c1c.jar,0
58f7d88198a30d891379d768f9d06c90.jar,1
58fd51a82667c06fa9ba9131e4708c76.jar,1
5a0b6a85083560228d2c5ce4804101b7.jar,1
5aaeb961a4904046e83df6b8a368944f.jar,1
5c0ae36184afa139b583b8639b628ef6.jar,1
5c9e1daefa68d26d7eeba9ec57e3e15f.jar,1
5d3d63ee8eeeab2061121372fb1fe41c.jar,1
5d951025de25df072e7ee94d6180837c.jar,1
5e84351a007bedc09d08e0022f9bdd10.jar,1
5eae730cc5b4847d92104cb378d6d1c8.jar,0
5efcd37e727a6f2a187376535bf8f4af.jar,1
5f15a385f1267b9162e717b130d03cf0.jar,1
5f20ffdd7c74cb61d5b1bb82b3ab68dc.jar,1
5f3c8dc715d0c5a6d0f4766a09ab572a.jar,1
5f897d88f889ceb161aa2508ca891177.jar,1
5fa412183f1e751737f452641e3bb224.jar,1
5fabf58d0f085969e412916ff7e65ad8.jar,0
609614e2d9bf1ddc4bc7b9c7b95d7da6.jar,1
616edde4e5fcfbfe205fe8a7134f6677.jar,1
61c00a7abdfcd1ef7ca7d2bfdaab6862.jar,1
62a928f6642521d544703bdb02824387.jar,1
633bab0fcf099a2c5ee19e8d078dcae5.jar,1
63aa4e932c9ae009ab8d3c5fa30af690.jar,1
63cfc9c3a714b6071aa690e677f26fc7.jar,1
63e989fc4d03e1fbc84ab7bbebd2907e.jar,1
6443fb654b8a08bd9aac5fcb25761407.jar,1
6510560ec2a4a5ee2d4e89a2534dad1c.jar,1
657ba4779361dc2023aee5b0192c5091.jar,0
6604293c5b6828b661e320e45d5012f7.jar,1
6650ac9dd1f250bfb8e9e1d248318135.jar,0
670df4adb798689eb033862cf0e116ee.jar,1
67800bb890aa6cb1aa351f80ada905b1.jar,0
6793963e4e08ef16efca06ab59d8afc1.jar,1
67b6157988bc05d830563d4ed93f28aa.jar,1
67fc63a70d596cdd2196426837e320a4.jar,1
68742e53a9ab7ca323af9f73e90df317.jar,1
69a066a7412ede48328c9fa8e2f543e7.jar,1
69b3964fe7cf8b7463e59afa5c7b2ea0.jar,1
6a5fa28218df665119452fc67bd7dc61.jar,1
6b60e3a27e8966a2aba9e7768044fe99.jar,1
6b99ea858a24d6bc38d41a6c29fd42d3.jar,0
6bcc6c679cb20b129c32f7adfc401a1a.jar,1
6bf5dbfacad61dce49247de0a6fb36ea.jar,0
6c07e2c05928f889bcaf63ac6f57672a.jar,1
6c3985ef1fbc2399d469b9d212a9f4e0.jar,0
6d6e4bc8abb2581d71f9bb1b6466b5b3.jar,1
6d926e8e9817a08cc1f63e09afd0e7cb.jar,0
6eba28f0e4b8f91d3c7fea28f3c59648.jar,1
6fbf71a6fb4f681bb8ef777c10d75529.jar,1
6ff241ddacf6a7486fca547fca081c11.jar,1
70161f70d8deba21cb2014b3c48075c5.jar,1
7064526abcbefd9949ab9f1ec4c913ec.jar,1
706fcf93b0972368ff86e91b9a36f640.jar,1
71f82fd4e1b243dfa93c77207593d071.jar,1
7263aecc007087dd5f1817d53c205cc5.jar,1
727159a8049f61e77410ff6563a109c4.jar,0
728f104a6320f91458ea7a913bd9b62f.jar,1
7296de4c8fdbd123711f22943574e516.jar,1
7385b4bb76c2de9b8cfda4f48d7d8372.jar,1
73af49d9d133f52ab7c64ab1f74ddab0.jar,1
73cfe10de2d0fd6f6bb064a17a970b1b.jar,1
73f6bde4503f2dda2b04468d112fc609.jar,1
74de0a08db19d25f0356998e62572945.jar,1
75b82a63da73b09c59ca79164e734e19.jar,1
75d90e1695c106244fbb9deff2f4ae02.jar,1
76b84b821dedd652e02a811e84a78762.jar,0
774181ff9e107bb964c2e561d04e39c9.jar,1
77603a6371c05da0ff73f09ee28733d3.jar,1
77faebca0d43beb95afda598d85215c1.jar,1
78fd5ffb2cdbd34a2f659dd59ba15652.jar,1
7942571092c5fad1e0f42a1c9b1014d4.jar,1
79747f77ca1e131add3ec079f4dfe82f.jar,1
799091eebde50c35a6101ab307fefa16.jar,1
79c12f52cb21682944a14b8abd7d8369.jar,1
7b4b36335ba83221e8296b735d64d886.jar,1
7b73ea0899bc9998beccbfddfcaf153b.jar,0
7e05f58ecf0720b7e9f681e0f2dd6e66.jar,1
7e8ae7f30fdcd43c4d84f0004735da51.jar,1
7e8f3e6d707d60a421e93c9c9806804f.jar,1
7eac69084dee873523af7911e5233573.jar,0
7fc18d0c9f38d2deb4925630c72ee629.jar,1
82059548745ae4bccc92e5d350480021.jar,1
82298daa77be0b429dbcc6078d9a7eec.jar,1
826d30f12088aa7739d8d4ed6611498f.jar,1
8272503f3cc5ef71c7aebcefa6fe0cd3.jar,0
82e70283d0c43a09c88b0ae392aebe37.jar,1
84f5defe4328d0c31cafb136a3cc5a89.jar,1
85e65a50a7946fe60e8fdc1fe7f12f77.jar,1
868e91ff95330bd8880673305c8c83aa.jar,1
86a92a5dd9bc37e03698c5e4f128ffa0.jar,0
86b10ce972c0a7fcabdc66d6733abeda.jar,1
874e68df250764a802c06fe19e10fd06.jar,1
87d6786ebe0bfb58dca475ca0fd5d8ce.jar,1
87f80d23a0b5235f7bb53542fe8c65ba.jar,1
885564c172dc4cc894f04e89a616739c.jar,0
89cb57d0893d936a400f13a69ed2d236.jar,0
8b157096f9e2b836ab66316f284daacb.jar,1
8c0ab2d1d315e4c0b4db91b4c9368ef2.jar,1
8c456489e9044e02daac8f0ad4ac14e9.jar,1
8d0cd8ae10b4d92a012b6c9a0855ae18.jar,1
8dbd3fd6eeaa26dc585742240d4e3b0e.jar,1
8dee689938a1809f1a8f0eec4c1eab17.jar,1
8f03cc388cce48db73f799d764fb21a2.jar,1
90429a8da2e9b2648efa8b8162925cd1.jar,1
912d5211d7b0b5d278b15fa68065d7e7.jar,1
9142cd9dcc9f93149bf951e391b031d2.jar,1
918ec35b6650c9c1def43572203108e0.jar,0
921f13ca60c8d5503c32e0f991aded76.jar,1
92ae68507a6567d1a0ada7215261d786.jar,1
92dd75ed17faae6cb0922111e571158f.jar,0
93131011a6e5b12cb129eb57ba32b155.jar,1
93d3863d8bd123fd2f84c366477d2323.jar,1
94058177a99ee9b2f75d23dd8089ca78.jar,1
943180f5af9aacd609c9633ef1e1d560.jar,1
9472e1f88398e6d9def243c885be3c0f.jar,1
94b2493ff50a0be655ea1efae4bfde0e.jar,1
95214692de286ef89768ea14d5918fae.jar,1
955a9efd077b8c23db1481073b13f979.jar,0
96a3df058666577a9661e98d8cf26812.jar,0
9832cefe087a788de0e340f4540e5fab.jar,1
989c5b5eaddf48010e62343d7a4db6f4.jar,1
98caab7a6ecff1fd8132f3a16bcb5e56.jar,1
98f5acdb21e8b8116fe5c7b4ba17d0e9.jar,1
9a28bd2dab81c3f8b3e209581a10696a.jar,1
9ab88801ab9fba6cb033b3d8348b6c6a.jar,1
9adc029f5b9dab2c28b025e61a456fd0.jar,1
9b5c8b5f00ffc64e44723a10839633e8.jar,1
9be5886f0d7c20b7571542c0ef627151.jar,1
9c1110adf1f02bb882b09e9cdb590e00.jar,1
9c12fd78144b52a587968261aa42d7bc.jar,1
9cc00676e3abeafd93c15f636f25e3b4.jar,0
9da5c0c751c3ff434f2b08d082df8356.jar,1
9ddbc220e6d4785bab01479f6a3edf92.jar,1
9df48b67b0570e6b080cdc5263308c99.jar,1
9e42f79837bf671863538a5623a0cc51.jar,1
9eecd6006ce4cfd11addf3de3a6fafa8.jar,1
9fb58d80a106c6a46d987b03040b3fcf.jar,1
a09bd418135301dda8febee571195e39.jar,1
a09e09e64424a68934abff8732f2e5cb.jar,1
a18461ff114a58a67d92bc2df76ebdd4.jar,1
a2cfc9c05f959a07042a5cb4fba53395.jar,1
a2da80dd00a94375166e1827e35e7721.jar,0
a4d6bd98ab53599a7b9c2a8665459f4c.jar,1
a531fc6686dccc8252b021befd20d7bc.jar,0
a558c0cdca29e054f6e02f4618858181.jar,1
a572526820f82f30b162de5274412414.jar,0
a597b25d299ab2de3942d5d181dece3a.jar,1
a6091a6335ec1fd34e8358010c044270.jar,0
a63033d20771b43f5b2f83273baee3ae.jar,0
a79368dd2dd102b0d70a3fd0689e5a2b.jar,1
a823d7ab308c9a67c19a8d4089cb5df0.jar,1
a86052ecbe884eba4bb4532049c4bd2f.jar,1
a892a3cec51c2dc727df6902d7d2c2c0.jar,1
a8a18219b02d30f44799415ff19c518e.jar,0
a8c4092020e7e942e046e9df801f01d4.jar,1
a92918dce58898b59778fec6925c431e.jar,0
aa081911b619f9ee06f4d10cc7b3bfaf.jar,1
aa84d9970a21f86e0657eeaa648aaebb.jar,0
ab027db0d44b445839ad32023b4396da.jar,1
ab71101336a93359de3307a09342477d.jar,1
ab7bc99507602e343f42af85089b80db.jar,1
ac15c658507cfa65536487baab060ef5.jar,0
ac242a2260228fdf4e72d0efc8b81f7d.jar,1
ac3f65a6f0ba3e101f4740d060e17990.jar,1
ac9c3b0856bb91b40c8726a68ee0df3e.jar,1
acb0f9d7c71ce22b87370fdf987acd25.jar,1
ad6af1f50a2565d514cf1853a50515eb.jar,0
ad829f4315edf9c2611509f3720635d2.jar,1
af6cdf5c8151cd9d772522086093090b.jar,1
afbf6677ad6eb93b5f73e45f7543ab0e.jar,1
afc844bdabbdac3dc27a5f3b5fa3f549.jar,1
b01a74ddf3f63300759363afbe3c3989.jar,1
b077beaf7ccad47d10f31b26a839609c.jar,1
b098e8ee3c299c17772245efaccb7866.jar,1
b0ad112049bbbbe84f6a3dc25ebd6ce2.jar,1
b0c02ba96b4401089f484ffb45904af4.jar,0
b134edeacd2660fa08f2f5a2ea916512.jar,0
b14ee91a3da82f5acc78abd10078752e.jar,0
b1c3fb117419b90afd1531459bc2b837.jar,1
b26edf3203899ff86f68bf51ecf0e87c.jar,0
b2b768a6936a7e91016f00ef74311674.jar,1
b36159d9ccdd131a85f6a5fa0cbc5ce5.jar,1
b38083e2a28a8ec2abfd16baafd80764.jar,1
b41ec5533bb35b92d02ac39dac6de0d4.jar,1
b478ade8339fff99acb0caa05f4e0ec4.jar,1
b5171487ef20c8d43d94a3131279e6e2.jar,1
b5b477ebaab22c5f9762dade4ae08177.jar,1
b5ba182bc5ade9da2e2098bd4f0b9cc1.jar,0
b94344b6f893503e04771d4c36277fa1.jar,1
b9e30841be42c17f498c532e0f651289.jar,1
bb36de5f6a00230d37a7f9dc56f48c01.jar,1
bbb87da4fc74d6e2064d83d80d4c0d86.jar,0
bbe17389fe3e4cc831e255f869c70d74.jar,1
bc9a4e5aac5099fedc1303a990a41be5.jar,1
bc9eacd7227ac9927214d6741efcc06c.jar,0
bcbfadd9a6b71fbdd3c9fbd7b3789c59.jar,0
bcdadb98c7168637f357f0eb3ad1dbe3.jar,1
c001ce19a61636efb93d0bafb18c595f.jar,1
c03b0402bfffd806354962952c053970.jar,1
c0aace81c8321a8ee5092b592fcdd546.jar,1
c2ba07e2cd1ee0b45f911066ff98bef4.jar,1
c2c68af0314cc3f94cecbdcd1fd9045c.jar,1
c31bae1c6cf50cdd4ec8e711e823c482.jar,1
c35ba17897e89e5a3baf6da43280c825.jar,1
c47ce74199c32d0ef5c8dd526590c7ed.jar,1
c49d25308db0ff80e25b507dad1aa971.jar,0
c4f8728452ab2763a3a9f598e8df0fd8.jar,1
c588f37381cea6c068983d6f668eafa4.jar,1
c5cb9a50d5d1893f67e0971d8ecbb901.jar,1
c749a79d9da08abbe59b6c231ba408ad.jar,1
c75ae4600ee7fe80bd83b0419972c290.jar,1
c7ab9bb658d47e51c2446498f481260c.jar,1
c84a0c89b3cab38dc277c2e7c6115322.jar,1
ca1a8dc77895409d3535d5b71421842b.jar,1
caa9b19eac3b71b7d26c38499566869f.jar,1
cb42a1eb9472411612fdf593cfdeb6c0.jar,1
cbe8afc98014475f548ca119774e0211.jar,1
cc89acee9510a7f90f623378d2ea1de1.jar,1
cca921c829dbff339634cc100742feba.jar,1
ccd599ff8eeddf36e5d84a35621757e1.jar,0
cde1c4bb67d3fb29f046f2079f2b4fa7.jar,1
cf0c479205c7bb74a81a7eaabc7e2815.jar,1
cf2ce7308da2b25e584f60bbf2d26b8f.jar,0
cf9022bad5fb453d5b70656ad02b3423.jar,1
Client.jar,0
d02b4bd4339e1e23527173c6c7305949.jar,1
d115f1782dad9ddaf76ed24f308288bc.jar,1
d24adefca2eef8bf1bce971924f81851.jar,1
d2c7d1e5861232bfaa14e1b6e60552a9.jar,1
d32bc5984b05f73571ba395f733eb555.jar,1
d398e036a28f5482134003a9a0fc13c0.jar,1
d4030c7b34651eb23950bd3cd1dca8d6.jar,1
d501b32b733a9c42b92cb65122079b8e.jar,1
d53cfc39f20ecd0f88380bf13513d871.jar,1
d59edbb068df085be96ce0b6db2faa7c.jar,0
d5cb1f83a427b3b0ac75f4fe39ba4d8c.jar,1
d629b0333a390dec79be27ee30640258.jar,1
d65b7adfb9b8598b85f4e324201ba7a9.jar,1
d70dd9471a14e443b6f7a53062b37302.jar,1
d7829ebfd4cda4c6cd27b15997090fe5.jar,1
d782b5c46a9ae8098507997ba8fe15b9.jar,1
d7ac363befe051fbfd17d19098dfe1ca.jar,1
d7c8c53940b6697e54f927834ef4a7c1.jar,1
d85270de93cd0652d69d5bd61bbafa20.jar,1
d9383753355c2b972c38275957004773.jar,1
d9d193658ea1555124854c3c827e4391.jar,0
d9eb6efb221b57977d630cc6b8dfac5e.jar,1
da3e96565648606b8236ad7624b50ea6.jar,1
dabf0bca9533319950e1809478a40b53.jar,1
db086fc10569e8b8714fab92754bb788.jar,1
dbc13d359c24fb01792f6ad3edb47c03.jar,1
dc7f20dac3a940372fec08007bfdc8f8.jar,1
dcad7b1c9b1f3e8a1599aab37992051c.jar,1
ddf6a3d4706e41265206d3964bd8f7a2.jar,1
de55cdf527ed9bfd23880c89ae8f44c5.jar,1
debdc9368edeb182e00c2cb0b41a3cbf.jar,0
df6028f44a75cc965239dc67e7f679a9.jar,1
e005138e40c5240948657e45628de286.jar,1
e1acc56f7012c22a6f16b8a505318a8a.jar,1
e21a5aaaad4cf5ad36645a35a2173fd2.jar,1
e2453fe9cade2a6ac368628a2b17c794.jar,1
e254b21b983dea3b31187229fe788d4c.jar,1
e36a2e8fc5fa0253a70bb965aeddcf1e.jar,1
e39e4023f85ddcdd96cadbb53909ad24.jar,1
e3d05ffda005003a08beba9d98813bf8.jar,1
e3d1a175e141d46b456e39f3a27f7056.jar,1
e3deac8325f269567eba8528f3869a9e.jar,1
e441c9a08afb106ce33992b875027f4b.jar,1
e451f902854b5c7764e61047d589be80.jar,1
e47d5aefec8f7479fb01754cbee7ed35.jar,1
e7899d2ce56614f8e7315b6b5f584140.jar,1
e9150280e69d78220d524863876c39be.jar,1
e934af8a5c7d05815e0540d4386169b6.jar,1
e9d87d138f0d7914f9438114eeede709.jar,0
e9e05d45a450ad6aafa8d07e97da005a.jar,0
ea01f83161ffddcc7641b564e7f1254e.jar,1
ea25e79ace4fffc65408e2210f7e49b0.jar,1
ea91b67152d448c2e6d347efd560e294.jar,1
ec070b9f90b8969231390fc908aa5566.jar,1
ec63dcb07c17a4588288d725c6104065.jar,1
ed2d4f9d1461031136617e9f46a1c641.jar,1
ee12cf6ae7be01adf47432e02047a3ae.jar,1
ef3b3248d8b481474fbe282caad12b6b.jar,0
efae16c1a817297f73ae74f4edcb3c18.jar,1
f03e9fe0debaff19f3d1794e323a2f2a.jar,1
f0584d56499ba4d3ac9559c81ba7aca9.jar,1
f0cbef01f5bd1c075274533f164bb06f.jar,1
f302e726ec34dc5e57ed0dc341bdcf48.jar,1
f3f916c7951efa20ff9eff2e6e03bebe.jar,1
f4f483fe13a78e4b3b440711995e146c.jar,0
f5a7444d0fc3c93c4ebce8d44bb167f4.jar,0
f5d2700630982d9414367ace2e231fc7.jar,1
f65f3b9b809ebf221e73502480ab6ea7.jar,1
f6c79355101b4c382d2bb3e12e7b4fe2.jar,1
f7689548171d4706745c65b06b053d5e.jar,0
f76c962f45d31df4d4d2ba5653f61d0e.jar,1
f89240ca4d622113da9b4f5759215dd8.jar,1
fa6d4a07f63c34954a7fd7e74420c87f.jar,1
faa7a444d66b3e352d7264e120a9ae43.jar,1
fd0ff1a071aff9c55d55e5691e9b851e.jar,1
fd37f8a0bd6e672a54a6dce0d9196bc7.jar,1
fd6bdb22af909c101b2cc4655d05e0d9.jar,1
fde870d2898fa9fc43c805bccd4bc202.jar,1
fe054620594aa13a8296a44bf7f6950a.jar,1
fe3acbb043fa72d5ba10c23fdf848cca.jar,1
ff274bacc1df59be3fa1c014fe5251fd.jar,1
Mal_Java_0EA4D2FFB4B13B78C31A7081231341ED.jar,0
Mal_Java_10598BEF6D282B1623352F58A1FE1C65.jar,1
Mal_Java_11BE7711B5BE2982C83D1AD09CEF9643.jar,1
Mal_Java_137A1998F62B5C8DCAB488F2447DF5CD.jar,1
Mal_Java_13A22C38D05A8B2C51B2B659475D3C66.jar,1
Mal_Java_1502B5CF63ACC5F07D40FC9896D5D879.jar,1
Mal_Java_16336D3CA04DA1A3E5D02F266D4122AE.jar,1
Mal_Java_167C4ACBA573440940DE865106FD64EC.jar,1
Mal_Java_180670B04D51A288B5AD2ACF3E0CE910.jar,1
Mal_Java_1F563A29C3E415FFB83BE7BE17281AC2.jar,1
Mal_Java_1F8B71E8C0AA513B49AAFD83A12D590B.jar,1
Mal_Java_20DF6680E17036B0363852D549079E37.jar,1
Mal_Java_216442D0D4D2D2262962CBC144033194.jar,1
Mal_Java_2E0616C0797952355FE0E9567820EAF3.jar,1
Mal_Java_36BDC4156B0A1FE34537A86524BAE522.jar,1
Mal_Java_4476DE44E9DA560139E05C9A4FCB54E2.jar,1
Mal_Java_4583B1A91C2C81049B253B66680486FA.jar,1
Mal_Java_47B417E083C7900EE81862FBB7514C9F.jar,1
Mal_Java_4B8D1685DDEBCEB469B62E7C23140B16.jar,0
Mal_Java_50F4FB69AF6795759B1558848E151E99.jar,1
Mal_Java_52C2E8C53A185B2A2CFAB9279FE0FACB.jar,1
Mal_Java_5479B00C65810755ED3D827FC9FF9523.jar,1
Mal_Java_5514928CC6C76E19CBF8F8B179F7641F.jar,1
Mal_Java_5AE59AA1041264D283C2489640A75082.jar,0
Mal_Java_5B9CBC9901390B2DE0A2F8DCF5F7E593.jar,1
Mal_Java_612367B1377F54371FCF2020E7D8B551.jar,1
Mal_Java_6292F68F7DEB3D7BB946096B9ECD8F45.jar,1
Mal_Java_6DC5432AFB72FA6AF76ADCD29DE1292F.jar,1
Mal_Java_76A8CF4297B3D6557114C37A80387B64.jar,0
Mal_Java_77F5B3C84E8B0973AB9D99B42125857E.jar,0
Mal_Java_792DF4CA5A0EAE174EE491D41434363B.jar,1
Mal_Java_7AA1E269A94C75A131CFC4B9F900F06B.jar,1
Mal_Java_7BD682F3208F147D68A331D7A73E94AF.jar,1
Mal_Java_8501C110F86D4CE80AF15E00C7013CB7.jar,1
Mal_Java_873997122B3332ED1C50F90C8DA9E0B7.jar,1
Mal_Java_88C8D82524821AEB8CE04FC03A448D82.jar,1
Mal_Java_8DFD05FA67CCB9592266044EB1A2CB56.jar,1
Mal_Java_8FC431574A0D9192FF96604DDCD21527.jar,1
Mal_Java_956FEF637E19D97B1B7A7EC741500FBA.jar,0
Mal_Java_9685EAA02E27A2E2A6CFE3FE3DE7D556.jar,1
Mal_Java_98F5ACDB21E8B8116FE5C7B4BA17D0E9.jar,1
Mal_Java_9DB811A880432EA4486B1EA7FD5C9DE3.jar,1
Mal_Java_9E4817E4D7FD1AA9315B98D8E71A63C0.jar,1
Mal_Java_A23C509DEF2BF5BC6FF61E0B0960FFC1.jar,0
Mal_Java_A7F844816BF8A0F60CF164B8E98DEC37.jar,0
Mal_Java_A96E65EFB47B11EF0F87F5CEEAE3FEC4.jar,1
Mal_Java_AC2C881A44CE0F87E8C0869FE881CD0F.jar,1
Mal_Java_AE187D20FA65D2D0B432F549954F6F16.jar,1
Mal_Java_B2A571330A784E3989D61331A0DC07B2.jar,1
Mal_Java_B8A0B6CBDBD3145A87A1B75CB8C19879.jar,1
Mal_Java_BAE08667CDAE9632F0DB0CD94BA12166.jar,1
Mal_Java_BB2225077C52F2CD152CED76DC072D49.jar,1
Mal_Java_C04B3896D36CA975CDA8C8446ED33C0D.jar,1
Mal_Java_C307C2C6C4EEFAB4DC4A65BCB102FA38.jar,1
Mal_Java_C62A5D3D59301F8F25236690C1567EBF.jar,1
Mal_Java_C84DE729ED0C4B4D5B487B569EB89585.jar,1
Mal_Java_C9B1E07AEAB681EF67EE3D3EE398B4B7.jar,0
Mal_Java_CD352DE80C77094FEB5FBD90E7E4E0C8.jar,1
Mal_Java_CEBED8A3DB4A9695CB59FFA25E4BFEB3.jar,0
Mal_Java_D21B4E2056E5EF9F9432302F445BCBE1.jar,1
Mal_Java_D2DC67A8E54F6C06C6A1D06E0572D4F6.jar,0
Mal_Java_D836CE6218C06D20C46AACCDA12AD09F.jar,0
Mal_Java_DB0882000F250E27516A2657205B8F26.jar,0
Mal_Java_DC5386E4906F1941A18AD806D7671C0F.jar,1
Mal_Java_DD414690B43EDCB263D8CF3DD7D5A81C.jar,1
Mal_Java_E24B4648387E23398347590AC9AE5B57.jar,1
Mal_Java_EA880B47DAEF50875EBE70C2FB427017.jar,0
Mal_Java_EDC107C37252507B9A5F9972953DEB39.jar,0
Mal_Java_F2CD8C29B5311907506E4BDE759562AE.jar,1
Mal_Java_FBCA05E4B6815E9AA4EF2B376DC14EE9.jar,1
Mal_Java_FFC9F476C4F3D12DF4F2914ACB7AAAAA.jar,0